Unnamed: 0,id,title,rating,genre,year,has_reviews,poster_url
0.0,tt0369610,Jurassic World,6.9,"Action, Adventure, Sci-Fi",2015,True,
1.0,tt3774694,Love,6.1,"Drama, Romance",2015,True,
2.0,tt2361509,The Intern,7.1,"Comedy, Drama",2015,True,
3.0,tt2381249,Mission: Impossible - Rogue Nation,7.4,"Action, Adventure, Thriller",2015,True,
4.0,tt3460252,The Hateful Eight,7.8,"Crime, Drama, Mystery",2015,True,
5.0,tt1392190,Mad Max: Fury Road,8.1,"Action, Adventure, Sci-Fi",2015,True,
6.0,tt3397884,Sicario,7.7,"Action, Crime, Drama",2015,True,
7.0,tt1596363,The Big Short,7.8,"Biography, Comedy, Drama",2015,True,
8.0,tt3659388,The Martian,8.0,"Adventure, Drama, Sci-Fi",2015,True,
9.0,tt1663202,The Revenant,8.0,"Adventure, Drama, Western",2015,True,
10.0,tt2140379,Self/less,6.5,"Action, Mystery, Sci-Fi",2015,True,
11.0,tt2494362,Bone Tomahawk,7.1,"Drama, Horror, Western",2015,True,
12.0,tt4263482,The Witch,7.0,"Drama, Fantasy, Horror",2015,True,
13.0,tt2395427,Avengers: Age of Ultron,7.3,"Action, Adventure, Sci-Fi",2015,True,
14.0,tt3569230,Legend,6.9,"Biography, Crime, Drama",2015,True,
15.0,tt1895587,Spotlight,8.1,"Biography, Crime, Drama",2015,True,
16.0,tt1638355,The Man from U.N.C.L.E.,7.2,"Action, Adventure, Comedy",2015,True,
17.0,tt2488496,Star Wars: Episode VII - The Force Awakens,7.8,"Action, Adventure, Sci-Fi",2015,True,
18.0,tt3464902,The Lobster,7.1,"Drama, Romance, Sci-Fi",2015,True,
19.0,tt3076658,Creed,7.6,"Action, Drama, Sport",2015,True,
20.0,tt2096673,Inside Out,8.1,"Animation, Adventure, Comedy",2015,True,
21.0,tt2379713,Spectre,6.8,"Action, Adventure, Thriller",2015,True,
22.0,tt0478970,Ant-Man,7.2,"Action, Comedy, Sci-Fi",2015,True,
23.0,tt1951266,The Hunger Games: Mockingjay - Part 2,6.6,"Action, Adventure, Sci-Fi",2015,True,
24.0,tt1661199,Cinderella,6.9,"Adventure, Drama, Family",2015,True,
25.0,tt2140479,The Accountant,7.3,"Action, Crime, Drama",2016,True,
26.0,tt3748528,Rogue One: A Star Wars Story,7.8,"Action, Adventure, Sci-Fi",2016,True,
27.0,tt2543164,Arrival,7.9,"Drama, Mystery, Sci-Fi",2016,True,
28.0,tt4016934,The Handmaiden,8.1,"Drama, Romance, Thriller",2016,True,
29.0,tt2119532,Hacksaw Ridge,8.1,"Biography, Drama, History",2016,True,
30.0,tt3783958,La La Land,8.0,"Comedy, Drama, Music",2016,True,
31.0,tt2948356,Zootopia,8.0,"Animation, Action, Adventure",2016,True,
32.0,tt3799694,The Nice Guys,7.4,"Action, Comedy, Crime",2016,True,
33.0,tt2674426,Me Before You,7.4,"Drama, Romance",2016,True,
34.0,tt4972582,Split,7.3,"Horror, Thriller",2016,True,
35.0,tt5700672,Train to Busan,7.6,"Action, Horror, Thriller",2016,True,
36.0,tt4846340,Hidden Figures,7.8,"Biography, Drama, History",2016,True,
37.0,tt1431045,Deadpool,8.0,"Action, Comedy, Sci-Fi",2016,True,
38.0,tt5311514,Your Name.,8.4,"Animation, Drama, Fantasy",2016,True,
39.0,tt4975722,Moonlight,7.4,Drama,2016,True,
40.0,tt4034228,Manchester by the Sea,7.8,Drama,2016,True,
41.0,tt2404435,The Magnificent Seven,6.9,"Action, Adventure, Drama",2016,True,
42.0,tt2975590,Batman v Superman: Dawn of Justice,6.5,"Action, Adventure, Sci-Fi",2016,True,
43.0,tt3470600,Sing,7.1,"Animation, Comedy, Family",2016,True,
44.0,tt2582782,Hell or High Water,7.6,"Crime, Drama, Thriller",2016,True,
45.0,tt3521164,Moana,7.6,"Animation, Adventure, Comedy",2016,True,
46.0,tt3110958,Now You See Me 2,6.4,"Action, Adventure, Comedy",2016,True,
47.0,tt3498820,Captain America: Civil War,7.8,"Action, Sci-Fi",2016,True,
48.0,tt0490215,Silence,7.2,"Drama, History",2016,True,
49.0,tt4257926,Miracles from Heaven,7.1,"Biography, Drama, Family",2016,True,
50.0,tt1856101,Blade Runner 2049,8.0,"Action, Drama, Mystery",2017,True,
51.0,tt5052448,Get Out,7.8,"Horror, Mystery, Thriller",2017,True,
52.0,tt1396484,It,7.3,Horror,2017,True,
53.0,tt1959563,The Hitman's Bodyguard,6.9,"Action, Comedy, Crime",2017,True,
54.0,tt4425200,John Wick: Chapter 2,7.4,"Action, Crime, Thriller",2017,True,
55.0,tt3829920,Only the Brave,7.6,"Action, Biography, Drama",2017,True,
56.0,tt5013056,Dunkirk,7.8,"Action, Drama, History",2017,True,
57.0,tt5726616,Call Me by Your Name,7.8,"Drama, Romance",2017,True,
58.0,tt2283362,Jumanji: Welcome to the Jungle,7.0,"Action, Adventure, Comedy",2017,True,
59.0,tt1485796,The Greatest Showman,7.5,"Biography, Drama, Musical",2017,True,
60.0,tt1790809,Pirates of the Caribbean: Dead Men Tell No Tales,6.5,"Action, Adventure, Fantasy",2017,True,
61.0,tt3532216,American Made,7.1,"Action, Comedy, Crime",2017,True,
62.0,tt5362988,Wind River,7.7,"Crime, Drama, Mystery",2017,True,
63.0,tt3501632,Thor: Ragnarok,7.9,"Action, Adventure, Comedy",2017,True,
64.0,tt5027774,"Three Billboards Outside Ebbing, Missouri",8.1,"Comedy, Crime, Drama",2017,True,
65.0,tt3890160,Baby Driver,7.5,"Action, Crime, Drama",2017,True,
66.0,tt2380307,Coco,8.4,"Animation, Adventure, Drama",2017,True,
67.0,tt5580390,The Shape of Water,7.3,"Drama, Fantasy, Romance",2017,True,
68.0,tt3315342,Logan,8.1,"Action, Drama, Sci-Fi",2017,True,
69.0,tt2250912,Spider-Man: Homecoming,7.4,"Action, Adventure, Sci-Fi",2017,True,
70.0,tt5638642,The Ritual,6.4,"Horror, Mystery, Thriller",2017,True,
71.0,tt5776858,Phantom Thread,7.4,"Drama, Romance",2017,True,
72.0,tt4481414,Gifted,7.6,Drama,2017,True,
73.0,tt0974015,Justice League,6.0,"Action, Adventure, Fantasy",2017,True,
74.0,tt2527336,Star Wars: Episode VIII - The Last Jedi,6.9,"Action, Adventure, Fantasy",2017,True,
75.0,tt4881806,Jurassic World: Fallen Kingdom,6.1,"Action, Adventure, Sci-Fi",2018,True,
76.0,tt4912910,Mission: Impossible - Fallout,7.7,"Action, Adventure, Thriller",2018,True,
77.0,tt6966692,Green Book,8.2,"Biography, Comedy, Drama",2018,True,
78.0,tt7784604,Hereditary,7.3,"Drama, Horror, Mystery",2018,True,
79.0,tt4154756,Avengers: Infinity War,8.4,"Action, Adventure, Sci-Fi",2018,True,
80.0,tt1825683,Black Panther,7.3,"Action, Adventure, Sci-Fi",2018,True,
81.0,tt4633694,Spider-Man: Into the Spider-Verse,8.4,"Animation, Action, Adventure",2018,True,
82.0,tt6499752,Upgrade,7.5,"Action, Sci-Fi, Thriller",2018,True,
83.0,tt1259528,Den of Thieves,7.0,"Action, Crime, Drama",2018,True,
84.0,tt2798920,Annihilation,6.8,"Adventure, Drama, Horror",2018,True,
85.0,tt7040874,A Simple Favor,6.8,"Comedy, Crime, Mystery",2018,True,
86.0,tt6644200,A Quiet Place,7.5,"Drama, Horror, Sci-Fi",2018,True,
87.0,tt1677720,Ready Player One,7.4,"Action, Adventure, Sci-Fi",2018,True,
88.0,tt2704998,Game Night,6.9,"Action, Adventure, Comedy",2018,True,
89.0,tt1517451,A Star Is Born,7.6,"Drama, Music, Romance",2018,True,
90.0,tt7401588,Instant Family,7.3,"Comedy, Drama",2018,True,
91.0,tt1226837,Beautiful Boy,7.4,"Biography, Drama",2018,True,
92.0,tt1270797,Venom,6.6,"Action, Adventure, Sci-Fi",2018,True,
93.0,tt8267604,Capernaum,8.4,Drama,2018,True,
94.0,tt5083738,The Favourite,7.5,"Biography, Comedy, Drama",2018,True,
95.0,tt1727824,Bohemian Rhapsody,7.9,"Biography, Drama, Music",2018,True,
96.0,tt5463162,Deadpool 2,7.6,"Action, Adventure, Comedy",2018,True,
97.0,tt2873282,Red Sparrow,6.6,"Action, Drama, Thriller",2018,True,
98.0,tt3104988,Crazy Rich Asians,6.9,"Comedy, Drama, Romance",2018,True,
99.0,tt3778644,Solo: A Star Wars Story,6.9,"Action, Adventure, Sci-Fi",2018,True,
100.0,tt6751668,Parasite,8.5,"Drama, Thriller",2019,True,
101.0,tt7131622,Once Upon a Time... in Hollywood,7.6,"Comedy, Drama",2019,True,
102.0,tt1950186,Ford v Ferrari,8.1,"Action, Biography, Drama",2019,True,
103.0,tt4154796,Avengers: Endgame,8.4,"Action, Adventure, Sci-Fi",2019,True,
104.0,tt8946378,Knives Out,7.9,"Comedy, Crime, Drama",2019,True,
105.0,tt8772262,Midsommar,7.1,"Drama, Horror, Mystery",2019,True,
106.0,tt8367814,The Gentlemen,7.8,"Action, Crime",2019,True,
107.0,tt7547410,Dora and the Lost City of Gold,6.1,"Action, Adventure, Comedy",2019,True,
108.0,tt7286456,Joker,8.3,"Crime, Drama, Thriller",2019,True,
109.0,tt2386490,How to Train Your Dragon: The Hidden World,7.4,"Animation, Action, Adventure",2019,True,
110.0,tt6146586,John Wick: Chapter 3 - Parabellum,7.4,"Action, Crime, Drama",2019,True,
111.0,tt8579674,1917,8.2,"Action, Drama, War",2019,True,
112.0,tt6857112,Us,6.8,"Horror, Mystery, Thriller",2019,True,
113.0,tt2527338,Star Wars: Episode IX - The Rise of Skywalker,6.4,"Action, Adventure, Fantasy",2019,True,
114.0,tt1302006,The Irishman,7.8,"Biography, Crime, Drama",2019,True,
115.0,tt3281548,Little Women,7.8,"Drama, Romance",2019,True,
116.0,tt0103639,Aladdin,8.0,"Animation, Adventure, Comedy",2019,True,
117.0,tt5727208,Uncut Gems,7.4,"Crime, Drama, Thriller",2019,True,
118.0,tt8613070,Portrait of a Lady on Fire,8.1,"Drama, Romance",2019,True,
119.0,tt7984734,The Lighthouse,7.4,"Drama, Fantasy, Horror",2019,True,
120.0,tt7798634,Ready or Not,6.8,"Action, Comedy, Horror",2019,True,
121.0,tt4139588,Polar,6.3,"Action, Crime, Thriller",2019,True,
122.0,tt7349950,It: Chapter Two,6.5,"Drama, Fantasy, Horror",2019,True,
123.0,tt2584384,Jojo Rabbit,7.9,"Comedy, Drama, War",2019,True,
124.0,tt1488606,Triple Frontier,6.5,"Action, Thriller",2019,True,
125.0,tt7556122,The Old Guard,6.7,"Action, Thriller",2020,True,
126.0,tt8503618,Hamilton,8.3,"Biography, Drama, History",2020,True,
127.0,tt6723592,Tenet,7.3,"Action, Sci-Fi, Thriller",2020,True,
128.0,tt9484998,Palm Springs,7.4,"Comedy, Fantasy, Mystery",2020,True,
129.0,tt2106476,The Hunt,8.3,Drama,2020,True,
130.0,tt10272386,The Father,8.2,"Drama, Mystery",2020,True,
131.0,tt9620292,Promising Young Woman,7.5,"Crime, Drama, Mystery",2020,True,
132.0,tt10288566,Another Round,7.7,"Comedy, Drama",2020,True,
133.0,tt1051906,The Invisible Man,7.1,"Drama, Horror, Mystery",2020,True,
134.0,tt7395114,The Devil All the Time,7.1,"Crime, Drama, Thriller",2020,True,
135.0,tt6048922,Greyhound,7.0,"Drama, History, War",2020,True,
136.0,tt2948372,Soul,8.0,"Animation, Adventure, Comedy",2020,True,
137.0,tt8936646,Extraction,6.8,"Action, Crime, Thriller",2020,True,
138.0,tt3794354,Sonic the Hedgehog,6.5,"Action, Adventure, Comedy",2020,True,
139.0,tt8633478,Run,6.7,"Drama, Horror, Mystery",2020,True,
140.0,tt7737786,Greenland,6.4,"Action, Thriller",2020,True,
141.0,tt9214832,Emma.,6.7,"Comedy, Drama, Romance",2020,True,
142.0,tt11032374,Demon Slayer: Kimetsu no Yaiba - The Movie: Mugen Train,8.2,"Animation, Action, Adventure",2020,True,
143.0,tt7711170,Alone,6.2,"Drama, Mystery, Thriller",2020,True,
144.0,tt5867314,The Empty Man,6.2,"Drama, Horror, Mystery",2020,True,
145.0,tt7846844,Enola Holmes,6.6,"Adventure, Crime, Drama",2020,True,
146.0,tt6772802,Hillbilly Elegy,6.7,"Biography, Drama",2020,True,
147.0,tt8332922,A Quiet Place Part II,7.2,"Drama, Horror, Sci-Fi",2020,True,
148.0,tt1911644,The Call,6.7,"Drama, Horror, Thriller",2020,True,
149.0,tt7939766,I'm Thinking of Ending Things,6.5,"Drama, Thriller",2020,True,
150.0,tt1160419,Dune: Part One,8.0,"Action, Adventure, Drama",2021,True,
151.0,tt7888964,Nobody,7.4,"Action, Crime, Drama",2021,True,
152.0,tt10872600,Spider-Man: No Way Home,8.2,"Action, Adventure, Fantasy",2021,True,
153.0,tt2382320,No Time to Die,7.3,"Action, Adventure, Thriller",2021,True,
154.0,tt11083552,Wrath of Man,7.1,"Action, Crime, Thriller",2021,True,
155.0,tt9032400,Eternals,6.2,"Action, Adventure, Fantasy",2021,True,
156.0,tt6334354,The Suicide Squad,7.2,"Action, Adventure, Comedy",2021,True,
157.0,tt3480822,Black Widow,6.6,"Action, Adventure, Sci-Fi",2021,True,
158.0,tt9620288,King Richard,7.5,"Biography, Drama, Sport",2021,True,
159.0,tt8385148,Hitman's Wife's Bodyguard,6.1,"Action, Comedy, Crime",2021,True,
160.0,tt10370710,The Worst Person in the World,7.7,"Comedy, Drama, Romance",2021,True,
161.0,tt11286314,Don't Look Up,7.2,"Comedy, Drama, Sci-Fi",2021,True,
162.0,tt11235772,The Voyeurs,6.1,"Drama, Mystery, Romance",2021,True,
163.0,tt7144666,The Black Phone,6.9,"Horror, Mystery, Thriller",2021,True,
164.0,tt9777666,The Tomorrow War,6.6,"Action, Adventure, Drama",2021,True,
165.0,tt10366460,CODA,8.0,"Comedy, Drama, Music",2021,True,
166.0,tt6264654,Free Guy,7.1,"Action, Adventure, Comedy",2021,True,
167.0,tt12361974,Zack Snyder's Justice League,7.9,"Action, Adventure, Fantasy",2021,True,
168.0,tt9376612,Shang-Chi and the Legend of the Ten Rings,7.3,"Action, Adventure, Fantasy",2021,True,
169.0,tt11271038,Licorice Pizza,7.1,"Comedy, Drama, Romance",2021,True,
170.0,tt2953050,Encanto,7.2,"Animation, Comedy, Family",2021,True,
171.0,tt9639470,Last Night in Soho,7.0,"Drama, Horror, Mystery",2021,True,
172.0,tt6856242,The King's Man,6.3,"Action, Adventure, Thriller",2021,True,
173.0,tt7991608,Red Notice,6.3,"Action, Comedy, Thriller",2021,True,
174.0,tt9421570,The Guilty,6.3,"Crime, Drama, Thriller",2021,True,
175.0,tt1745960,Top Gun: Maverick,8.2,"Action, Drama",2022,True,
176.0,tt8760708,M3GAN,6.3,"Horror, Sci-Fi, Thriller",2022,True,
177.0,tt12593682,Bullet Train,7.3,"Action, Comedy, Thriller",2022,True,
178.0,tt10638522,Talk to Me,7.1,"Horror, Thriller",2022,True,
179.0,tt15791034,Barbarian,7.0,"Horror, Mystery, Thriller",2022,True,
180.0,tt1877830,The Batman,7.8,"Action, Crime, Drama",2022,True,
181.0,tt13560574,X,6.5,"Horror, Mystery, Thriller",2022,True,
182.0,tt9764362,The Menu,7.2,"Comedy, Horror, Thriller",2022,True,
183.0,tt11866324,Prey,7.1,"Action, Adventure, Horror",2022,True,
184.0,tt6710474,Everything Everywhere All at Once,7.8,"Action, Adventure, Comedy",2022,True,
185.0,tt10640346,Babylon,7.1,"Comedy, Drama",2022,True,
186.0,tt9114286,Black Panther: Wakanda Forever,6.6,"Action, Adventure, Drama",2022,True,
187.0,tt11813216,The Banshees of Inisherin,7.7,"Comedy, Drama",2022,True,
188.0,tt19770238,Aftersun,7.6,Drama,2022,True,
189.0,tt18925334,Pearl,7.0,"Drama, Horror, Thriller",2022,True,
190.0,tt11138512,The Northman,7.0,"Action, Adventure, Drama",2022,True,
191.0,tt15325794,Fall,6.4,"Action, Thriller",2022,True,
192.0,tt1649418,The Gray Man,6.5,"Action, Mystery, Thriller",2022,True,
193.0,tt11564570,Glass Onion,7.1,"Comedy, Crime, Drama",2022,True,
194.0,tt10731256,Don't Worry Darling,6.3,"Drama, Mystery, Thriller",2022,True,
195.0,tt10954984,Nope,6.8,"Horror, Mystery, Sci-Fi",2022,True,
196.0,tt1464335,Uncharted,6.3,"Action, Adventure",2022,True,
197.0,tt1630029,Avatar: The Way of Water,7.5,"Action, Adventure, Fantasy",2022,True,
198.0,tt15474916,Smile,6.5,"Horror, Mystery, Thriller",2022,True,
199.0,tt10648342,Thor: Love and Thunder,6.2,"Action, Adventure, Comedy",2022,True,
200.0,tt15398776,Oppenheimer,8.3,"Biography, Drama, History",2023,True,
201.0,tt9603212,Mission: Impossible - Dead Reckoning Part One,7.6,"Action, Adventure, Thriller",2023,True,
202.0,tt10366206,John Wick: Chapter 4,7.6,"Action, Crime, Thriller",2023,True,
203.0,tt22375054,Strange Darling,7.1,"Horror, Thriller",2023,True,
204.0,tt10545296,The Hunger Games: The Ballad of Songbirds & Snakes,6.7,"Action, Adventure, Drama",2023,True,
205.0,tt15671028,No Hard Feelings,6.3,"Comedy, Romance",2023,True,
206.0,tt26047818,Anyone But You,6.1,"Comedy, Romance",2023,True,
207.0,tt5884796,Plane,6.5,"Action, Adventure, Thriller",2023,True,
208.0,tt3107288,The Flash,7.5,"Action, Adventure, Drama",2023,True,
209.0,tt1517268,Barbie,6.8,"Adventure, Comedy, Fantasy",2023,True,
210.0,tt14230458,Poor Things,7.8,"Comedy, Drama, Romance",2023,True,
211.0,tt9362722,Spider-Man: Across the Spider-Verse,8.5,"Animation, Action, Adventure",2023,True,
212.0,tt5537002,Killers of the Flower Moon,7.6,"Crime, Drama, History",2023,True,
213.0,tt20215968,Hit Man,6.8,"Comedy, Crime, Romance",2023,True,
214.0,tt13238346,Past Lives,7.8,"Drama, Romance",2023,True,
215.0,tt4495098,Gran Turismo,7.1,"Action, Adventure, Drama",2023,True,
216.0,tt17351924,Saltburn,7.0,"Drama, Thriller",2023,True,
217.0,tt6791350,Guardians of the Galaxy Vol. 3,7.9,"Action, Adventure, Comedy",2023,True,
218.0,tt7160372,The Zone of Interest,7.3,"Drama, History, War",2023,True,
219.0,tt23849204,12th Fail,8.7,"Biography, Drama",2023,True,
220.0,tt11858890,The Creator,6.7,"Action, Adventure, Drama",2023,True,
221.0,tt21064584,The Iron Claw,7.6,"Biography, Drama, Sport",2023,True,
222.0,tt17009710,Anatomy of a Fall,7.6,"Crime, Drama, Thriller",2023,True,
223.0,tt2906216,Dungeons & Dragons: Honor Among Thieves,7.2,"Action, Adventure, Comedy",2023,True,
224.0,tt4873118,The Covenant,7.5,"Action, Drama, Thriller",2023,True,
225.0,tt5040012,Nosferatu,7.3,"Fantasy, Horror, Mystery",2024,True,
226.0,tt28015403,Heretic,7.0,"Horror, Thriller",2024,True,
227.0,tt9218128,Gladiator II,6.5,"Action, Adventure, Drama",2024,True,
228.0,tt28607951,Anora,7.5,"Comedy, Drama, Romance",2024,True,
229.0,tt1262426,Wicked,7.4,"Fantasy, Musical, Romance",2024,True,
230.0,tt27131358,We Live in Time,7.0,"Drama, Romance",2024,True,
231.0,tt17526714,The Substance,7.2,"Drama, Horror, Sci-Fi",2024,True,
232.0,tt8999762,The Brutalist,7.4,Drama,2024,True,
233.0,tt11563598,A Complete Unknown,7.3,"Biography, Drama, Music",2024,True,
234.0,tt15239678,Dune: Part Two,8.5,"Action, Adventure, Drama",2024,True,
235.0,tt12584954,Twisters,6.5,"Action, Adventure, Thriller",2024,True,
236.0,tt29623480,The Wild Robot,8.2,"Animation, Sci-Fi",2024,True,
237.0,tt20215234,Conclave,7.4,"Drama, Thriller",2024,True,
238.0,tt26625693,The Order,6.8,"Crime, Drama, Thriller",2024,True,
239.0,tt1431045,Deadpool & Wolverine,8.0,"Action, Comedy, Sci-Fi",2024,True,
240.0,tt5177120,The Ministry of Ungentlemanly Warfare,6.8,"Action, Comedy, War",2024,True,
241.0,tt12037194,Furiosa: A Mad Max Saga,7.5,"Action, Adventure, Sci-Fi",2024,True,
242.0,tt27534307,Speak No Evil,6.8,"Drama, Horror, Thriller",2024,True,
243.0,tt15314262,The Beekeeper,6.3,"Action, Crime, Thriller",2024,True,
244.0,tt14961016,I'm Still Here,8.6,"Biography, Drama, History",2024,True,
245.0,tt18259086,Sonic the Hedgehog 3,6.9,"Action, Adventure, Comedy",2024,True,
246.0,tt21382296,Carry-On,6.5,"Action, Crime, Thriller",2024,True,
247.0,tt28249919,Presence,6.1,"Drama, Horror, Thriller",2024,True,
248.0,tt17279496,Civil War,7.0,"Action, Thriller",2024,True,
249.0,tt27403986,Juror #2,7.0,"Crime, Drama, Mystery",2024,True,
,ind_000000,The Night Manager,7.7,"Action, Crime, Mystery",2023,False,
,ind_000001,The Jengaburu Curse,8.0,Thriller,2023,False,
,ind_000002,Bro,7.9,"Drama, Family, Fantasy",2023,False,
,ind_000003,Farzi,8.4,"Crime, Drama, Thriller",2023,False,
,ind_000004,Crackdown,8.1,"Action, Crime, Drama",2020,False,
,ind_000005,Sandeep Bhaiya,9.3,Drama,2023,False,
,ind_000006,3 Idiots,8.4,"Comedy, Drama",2009,False,
,ind_000007,Asur: Welcome to Your Dark Side,8.5,"Crime, Drama, Mystery",2020,False,
,ind_000008,Satyaprem Ki Katha,6.8,"Comedy, Drama, Musical",2023,False,
,ind_000009,Gadar: Ek Prem Katha,7.3,"Action, Drama, Romance",2001,False,
,ind_000010,Dayaa,6.6,Mystery,2023,False,
,ind_000011,Checkmate,8.2,"Action, Comedy",2023,False,
,ind_000012,Por Thozhil,8.2,"Action, Crime, Thriller",2023,False,
,ind_000013,The Family Man,8.7,"Action, Comedy, Drama",2019,False,
,ind_000014,OMG: Oh My God!,8.1,"Comedy, Drama, Fantasy",2012,False,
,ind_000015,Maamannan,6.8,"Action, Drama, Thriller",2023,False,
,ind_000016,Baby,8.0,"Drama, Romance",2023,False,
,ind_000017,IB 71,7.3,"Action, Thriller",2023,False,
,ind_000018,Commando,6.1,Not Available,2023,False,
,ind_000019,Dahaad,7.6,"Crime, Drama, Mystery",2023,False,
,ind_000020,Sirf Ek Bandaa Kaafi Hai,7.9,"Crime, Drama, Thriller",2023,False,
,ind_000021,Choona,8.8,"Comedy, Crime, Drama",2023,False,
,ind_000022,Scam 1992: The Harshad Mehta Story,9.3,"Biography, Crime, Drama",2020,False,
,ind_000023,Jai Bhim,8.8,"Crime, Drama, Mystery",2021,False,
,ind_000024,The Kerala Story,7.2,Drama,2023,False,
,ind_000025,Maaveeran,7.4,"Action, Drama, Thriller",2023,False,
,ind_000026,Pathaan,5.9,"Action, Adventure, Thriller",2023,False,
,ind_000027,Aspirants,9.2,Drama,2021,False,
,ind_000028,Tu Jhoothi Main Makkaar,6.0,"Comedy, Romance",2023,False,
,ind_000029,Half CA,8.5,Drama,2023,False,
,ind_000030,Dangal,8.3,"Action, Biography, Drama",2016,False,
,ind_000031,CAT,8.2,"Crime, Drama, Thriller",2022,False,
,ind_000032,Rocket Boys,8.9,"Drama, History",2022,False,
,ind_000033,Panchayat,8.9,"Comedy, Drama",2020,False,
,ind_000034,The Happening,5.0,"Adventure, Drama, Sci-Fi",2008,False,
,ind_000035,Tumbbad,8.2,"Drama, Fantasy, Horror",2018,False,
,ind_000036,Scoop,7.7,"Biography, Crime, Drama",2023,False,
,ind_000037,Chor Nikal Ke Bhaga,7.5,"Crime, Drama, Thriller",2023,False,
,ind_000038,Trial Period,7.1,"Comedy, Drama",2023,False,
,ind_000039,Brahmastra Part One: Shiva,5.6,"Action, Adventure, Fantasy",2022,False,
,ind_000040,Kota Factory,9.0,"Comedy, Drama",2019,False,
,ind_000041,Sweet Kaaram Coffee,7.2,"Drama, Family",2023,False,
,ind_000042,Paatal Lok,8.1,"Crime, Drama, Thriller",2020,False,
,ind_000043,Special OPS,8.6,"Action, Crime, Thriller",2020,False,
,ind_000044,Veerappan,5.3,"Action, Biography, Crime",2016,False,
,ind_000045,Lust Stories 2,6.4,"Drama, Romance",2023,False,
,ind_000091,Spy,5.3,"Action, Thriller",2023,False,
,ind_000137,Guns & Gulaabs,8.7,"Comedy, Crime, Romance",2023,False,
,ind_000183,The Trial,5.3,"Crime, Drama, Mystery",2023,False,
,ind_000273,Rangabali,5.0,"Action, Comedy, Drama",2023,False,
,ind_000319,Bloody Daddy,6.7,"Action, Crime, Drama",2023,False,
,ind_000409,Mirzapur,8.5,"Action, Crime, Drama",2018,False,
,ind_000410,Vikram,8.3,"Action, Crime, Thriller",2022,False,
,ind_000411,The White Tiger,7.1,"Crime, Drama",2021,False,
,ind_000412,BÃ£hubali: The Beginning,8.0,"Action, Drama",2015,False,
,ind_000413,Afwaah,5.6,"Drama, Thriller",2023,False,
,ind_000414,Doctor,7.4,"Action, Comedy, Crime",2021,False,
,ind_000415,Sita Ramam,8.6,"Action, Drama, Mystery",2022,False,
,ind_000416,Padmini,6.7,"Comedy, Drama, Family",2023,False,
,ind_000417,Sacred Games,8.5,"Action, Crime, Drama",2018,False,
,ind_000418,Inspector Avinash,7.9,"Action, Crime, Thriller",2023,False,
,ind_000419,Monica O My Darling,7.4,"Comedy, Crime, Drama",2022,False,
,ind_000420,HIT: The 2nd Case,7.2,"Action, Crime, Drama",2022,False,
,ind_000421,"Swades: We, the People",8.2,"Drama, Musical",2004,False,
,ind_000422,Laal Singh Chaddha,5.6,"Comedy, Drama, Romance",2022,False,
,ind_000423,Lagaan: Once Upon a Time in India,8.1,"Drama, Musical, Sport",2001,False,
,ind_000424,Mili,6.7,"Drama, Thriller",2022,False,
,ind_000425,K.G.F: Chapter 2,8.3,"Action, Crime, Drama",2022,False,
,ind_000426,Bajrangi Bhaijaan,8.1,"Action, Adventure, Comedy",2015,False,
,ind_000427,Andhadhun,8.2,"Crime, Mystery, Thriller",2018,False,
,ind_000428,Gaslight,6.3,"Crime, Horror, Mystery",2023,False,
,ind_000429,Mission Majnu,7.1,"Action, Drama, History",2023,False,
,ind_000430,Drishyam,8.2,"Crime, Drama, Mystery",2015,False,
,ind_000431,While We Watched,8.7,"Documentary, Biography, News",2022,False,
,ind_000432,Gulmohar,7.7,"Drama, Family",2023,False,
,ind_000433,Freddy,7.4,"Drama, Mystery, Romance",2022,False,
,ind_000434,Yeh Jawaani Hai Deewani,7.2,"Comedy, Drama, Musical",2013,False,
,ind_000435,Ratsasan,8.3,"Action, Crime, Drama",2018,False,
,ind_000436,Gully Boy,7.9,"Drama, Music, Romance",2019,False,
,ind_000437,Pareshan,6.1,Comedy,2023,False,
,ind_000438,Petta,7.2,"Action, Drama",2019,False,
,ind_000439,Darlings,6.6,"Comedy, Drama, Thriller",2022,False,
,ind_000440,Asoka,6.4,"Action, Biography, Drama",2001,False,
,ind_000441,My Name Is Khan,7.9,"Adventure, Drama, Romance",2010,False,
,ind_000442,Breathe: Into the Shadows,7.6,"Drama, Thriller",2020,False,
,ind_000443,Aranyak,7.8,"Crime, Drama, Mystery",2021,False,
,ind_000444,Dream Girl,7.0,"Comedy, Romance",2019,False,
,ind_000445,Beast,5.2,"Action, Thriller",2022,False,
,ind_000446,Devdas,7.5,"Drama, Musical, Romance",2002,False,
,ind_000447,DD Returns,6.9,"Comedy, Horror",2023,False,
,ind_000448,Four More Shots Please!,5.8,"Comedy, Drama, Romance",2019,False,
,ind_000449,Kal Ho Naa Ho,7.9,"Comedy, Drama, Musical",2003,False,
,ind_000450,Chup,7.6,"Crime, Drama, Mystery",2022,False,
,ind_000451,Shershaah,8.3,"Action, Biography, Drama",2021,False,
,ind_000493,777 Charlie,8.8,"Adventure, Comedy, Drama",2022,False,
,ind_000535,Chhichhore,8.3,"Comedy, Drama, Romance",2019,False,
,ind_000577,Aarya,7.8,"Action, Crime, Drama",2020,False,
,ind_000619,An Action Hero,7.1,"Action, Comedy, Crime",2022,False,
,ind_000661,The Elephant Whisperers,7.5,"Documentary, Short",2022,False,
,ind_000703,Dil Chahta Hai,8.1,"Comedy, Drama, Romance",2001,False,
,ind_000745,Raazi,7.7,"Action, Drama, Thriller",2018,False,
,ind_000788,Gangs of Wasseypur,8.2,"Action, Comedy, Crime",2012,False,
,ind_000831,Maurh,7.8,"Action, Drama, History",2023,False,
,ind_000875,Ghoomer,9.9,"Drama, Sport",2023,False,
,ind_000919,Highway,7.6,"Crime, Drama, Romance",2014,False,
,ind_000963,Sardar Udham,8.4,"Biography, Crime, Drama",2021,False,
,ind_001007,Neeyat,6.5,"Crime, Mystery, Thriller",2023,False,
,ind_001052,Koi... Mil Gaya,7.1,"Action, Drama, Romance",2003,False,
,ind_001097,Trial by Fire,7.8,"Crime, Drama, History",2023,False,
,ind_001142,Ae Dil Hai Mushkil,5.8,"Drama, Music, Musical",2016,False,
,ind_001187,Jee Karda,6.9,"Drama, Romance",2023,False,
,ind_001232,Bholaa,6.0,"Action, Adventure, Crime",2023,False,
,ind_001320,The Lunchbox,7.8,"Drama, Romance",2013,False,
,ind_001364,Lust Stories,6.4,"Drama, Romance",2018,False,
,ind_001408,Munna Bhai M.B.B.S.,8.1,"Comedy, Drama",2003,False,
,ind_001453,Siya,7.9,"Crime, Drama",2022,False,
,ind_001542,Insta Millionaire (Pocket FM) Hindi,7.5,Drama,2022,False,
,ind_001587,Good Night,7.7,"Comedy, Drama, Romance",2023,False,
,ind_001633,Dear Zindagi,7.4,"Drama, Romance",2016,False,
,ind_001679,Kolai,5.3,"Crime, Drama, Thriller",2023,False,
,ind_001726,Ludo,7.6,"Action, Comedy, Crime",2020,False,
,ind_001773,Yeh Kaali Kaali Ankhein,7.0,"Comedy, Crime, Mystery",2022,False,
,ind_001820,Black Justice,8.2,Drama,2023,False,
,ind_001867,Padmaavat,7.0,"Drama, History, Romance",2018,False,
,ind_001959,Runway 34,7.0,"Drama, Thriller",2022,False,
,ind_002005,School of Lies,5.9,"Drama, Mystery, Thriller",2023,False,
,ind_002095,Dangerous,5.1,"Action, Crime, Drama",2022,False,
,ind_002140,Pushpa: The Rise - Part 1,7.6,"Action, Crime, Drama",2021,False,
,ind_002229,Gullak,9.1,"Comedy, Drama, Family",2019,False,
,ind_002317,Rockstar,7.7,"Drama, Music, Romance",2011,False,
,ind_002361,Kolamavu Kokila,7.3,"Comedy, Crime, Drama",2018,False,
,ind_002405,Varisu,6.0,"Action, Drama",2023,False,
,ind_002449,Selfiee,5.7,"Action, Comedy, Drama",2023,False,
,ind_002493,Ghajini,7.3,"Action, Drama, Mystery",2008,False,
,ind_002620,Mastram,7.2,"Comedy, Fantasy",2020,False,
,ind_002662,K.G.F: Chapter 1,8.2,"Action, Crime, Drama",2018,False,
,ind_002704,Bheed,6.7,"Drama, History",2023,False,
,ind_002786,Baahubali 2: The Conclusion,8.2,"Action, Drama",2017,False,
,ind_002827,Taaza Khabar,8.1,"Action, Comedy, Drama",2023,False,
,ind_002868,Masaan,8.1,Drama,2015,False,
,ind_002909,Jug Jugg Jeeyo,6.1,"Comedy, Drama, Family",2022,False,
,ind_002950,Taali,8.8,Drama,2023,False,
,ind_003030,Vadhandhi: The Fable of Velonie,8.0,"Crime, Drama, Mystery",2022,False,
,ind_003070,Dinosaurs,9.4,Crime,2023,False,
,ind_003110,Kafas,6.7,Drama,2023,False,
,ind_003150,Medal,6.7,Action,2023,False,
,ind_003190,Genius,5.0,"Action, Thriller",2018,False,
,ind_003230,Chak De! India,8.1,"Drama, Family, Sport",2007,False,
,ind_003270,Govinda Naam Mera,6.5,"Comedy, Crime, Drama",2022,False,
,ind_003310,Grahan,8.3,"Action, Drama, History",2021,False,
,ind_003350,Lakshya,7.8,"Action, Drama, Romance",2004,False,
,ind_003390,Suzhal - The Vortex,8.2,"Crime, Drama, Thriller",2022,False,
,ind_003470,Welcome Home,7.4,"Crime, Drama, Horror",2020,False,
,ind_003548,SK Sir Ki Class,8.3,Drama,2023,False,
,ind_003587,Enthiran,7.1,"Action, Sci-Fi, Thriller",2010,False,
,ind_003627,Dil Bechara,8.4,"Comedy, Drama, Romance",2020,False,
,ind_003667,Aashram,7.1,"Crime, Drama, Mystery",2020,False,
,ind_003707,A Thursday,7.7,"Drama, Thriller",2022,False,
,ind_003747,83,7.5,"Biography, Drama, History",2021,False,
,ind_003787,Talvar,8.1,"Crime, Drama, Mystery",2015,False,
,ind_003827,24,8.1,"Action, Adventure, Crime",2013,False,
,ind_003867,House of Secrets: The Burari Deaths,7.4,"Documentary, Crime, History",2021,False,
,ind_003907,Raksha Bandhan,5.3,"Comedy, Drama, Family",2022,False,
,ind_003947,Badla,7.8,"Crime, Drama, Mystery",2019,False,
,ind_003988,Main Hoon Na,7.0,"Action, Comedy, Drama",2004,False,
,ind_004068,Garuda Gamana Vrishabha Vahana,8.3,"Crime, Drama, Thriller",2021,False,
,ind_004148,A Wednesday,8.1,"Action, Crime, Drama",2008,False,
,ind_004227,Gandu,5.5,Drama,2010,False,
,ind_004228,Raaz,6.6,"Drama, Horror, Musical",2002,False,
,ind_004229,Dum Laga Ke Haisha,7.5,"Comedy, Drama, Romance",2015,False,
,ind_004230,Khoobsurat,6.4,"Comedy, Romance",2014,False,
,ind_004231,Brothers,6.4,"Action, Drama, Sport",2015,False,
,ind_004232,Phone Bhoot,5.3,"Comedy, Horror",2022,False,
,ind_004233,Romeo Akbar Walter,6.6,"Action, Drama, Thriller",2019,False,
,ind_004234,We Are Family,5.6,"Comedy, Drama, Family",2010,False,
,ind_004235,The Stoneman Murders,7.3,"Crime, Drama, Mystery",2009,False,
,ind_004236,Ghar Waapsi,8.7,"Drama, Family",2022,False,
,ind_004237,Chef,5.7,"Comedy, Drama, Family",2017,False,
,ind_004238,Deewane Huye Paagal,5.5,"Action, Comedy, Drama",2005,False,
,ind_004239,Ek Hasina Thi,8.1,Drama,2014,False,
,ind_004240,Helen,7.7,"Drama, Thriller",2019,False,
,ind_004241,Shubh Mangal Saavdhan,6.9,"Comedy, Romance",2017,False,
,ind_004242,Balle O Chalaak Sajjna,9.3,Drama,2023,False,
,ind_004243,Hatim,8.6,"Action, Adventure, Fantasy",2003,False,
,ind_004244,Bheemadevarapally Branchi,7.6,Family,2023,False,
,ind_004245,Honeymoon Travels Pvt. Ltd.,6.1,"Comedy, Drama, Romance",2007,False,
,ind_004246,JGM (JanaGanaMana),8.6,"Action, Drama",2023,False,
,ind_004247,Anjaam Pathiraa,7.9,"Crime, Mystery, Thriller",2020,False,
,ind_004248,Badmaash Babes,6.9,Drama,2023,False,
,ind_004249,Chup Chup Ke,6.9,"Comedy, Drama, Romance",2006,False,
,ind_004250,Sarileru Neekevvaru,5.8,"Action, Comedy, Drama",2020,False,
,ind_004251,DAMaN,9.0,"Adventure, Drama",2022,False,
,ind_004252,Taxi No. 9 2 11: Nau Do Gyarah,7.3,"Comedy, Drama, Thriller",2006,False,
,ind_004253,Chillar Party,7.5,"Comedy, Drama, Family",2011,False,
,ind_004254,Asur,7.0,Drama,2020,False,
,ind_004255,Fashion,6.9,"Drama, Romance",2008,False,
,ind_004256,Babumoshai Bandookbaaz,6.9,"Action, Comedy, Crime",2017,False,
,ind_004257,Soni,7.1,"Crime, Drama",2018,False,
,ind_004258,Masoom,5.9,Mystery,2022,False,
,ind_004259,Gudiya Humari Sabhi Pe Bhaar,6.0,Drama,2019,False,
,ind_004260,Motichoor Chaknachoor,5.8,"Comedy, Romance",2019,False,
,ind_004261,Chokher Bali,7.0,Drama,2003,False,
,ind_004262,Physics Wallah,8.4,"Biography, Drama",2022,False,
,ind_004263,36 China Town,5.7,"Comedy, Mystery, Thriller",2006,False,
,ind_004264,Pizza,8.0,"Horror, Thriller",2012,False,
,ind_004265,Paap,5.2,"Action, Crime, Drama",2003,False,
,ind_004266,Vendhu Thanindhathu Kaadu,7.4,"Action, Crime, Drama",2022,False,
,ind_004306,Chal Mera Putt 2,8.9,Drama,2020,False,
,ind_004346,Veerame Vaagai Soodum,6.3,"Action, Thriller",2022,False,
,ind_004424,Phobia,6.8,"Drama, Mystery, Thriller",2016,False,
,ind_004463,Dhobi Ghat,7.0,Drama,2010,False,
,ind_004502,Mission Mangal,6.5,"Drama, History",2019,False,
,ind_004541,VR (Vikrant Rona),7.0,"Action, Crime, Drama",2022,False,
,ind_004580,Mahaan,7.6,"Action, Drama, Thriller",2022,False,
,ind_004619,Rocky,7.9,Drama,2021,False,
,ind_004658,Toolsidas Junior,7.4,"Drama, Family, Sport",2022,False,
,ind_004734,Jaya Jaya Jaya Jaya Hey,7.7,"Comedy, Drama, Family",2022,False,
,ind_004773,Hichki,7.5,"Comedy, Drama",2018,False,
,ind_004851,Ela Veezha Poonchira,7.2,"Crime, Mystery, Thriller",2022,False,
,ind_004927,Raavan,5.4,"Action, Adventure, Drama",2010,False,
,ind_004965,Mukkabaaz,8.0,"Action, Drama, Sport",2017,False,
,ind_005041,Court,7.6,Drama,2014,False,
,ind_005079,#Home,8.8,Drama,2021,False,
,ind_005117,Uruttu Tech,9.8,Comedy,2023,False,
,ind_005191,Her Chapter 1,8.8,"Crime, Drama, Thriller",2023,False,
,ind_005229,Rashmi Rocket,7.3,"Drama, Sport",2021,False,
,ind_005267,Akira,5.9,"Action, Thriller",2016,False,
,ind_005305,9: Nine,6.8,"Fantasy, Horror, Sci-Fi",2019,False,
,ind_005343,Rakhta Charitra,7.6,"Action, Biography, Crime",2010,False,
,ind_005381,Mathagam,6.7,Thriller,2023,False,
,ind_005420,Nail Polish,7.3,Drama,2021,False,
,ind_005459,Kaante,6.6,"Action, Crime, Drama",2002,False,
,ind_005498,Malaal,5.9,"Action, Drama, Romance",2019,False,
,ind_005574,Thadam,8.1,"Action, Crime, Drama",2019,False,
,ind_005612,Lost,5.8,"Drama, Thriller",2022,False,
,ind_005650,CBI 5,5.6,"Crime, Mystery, Thriller",2022,False,
,ind_005724,All the Best: Fun Begins,6.2,"Action, Comedy, Drama",2009,False,
,ind_005761,Baked,7.7,Comedy,2015,False,
,ind_005833,Pyaar Ka Punchnama 2,7.3,"Comedy, Drama, Romance",2015,False,
,ind_005870,Once Upon a Time in Mumbaai,7.4,"Action, Crime, Drama",2010,False,
,ind_005907,Cold Case,6.0,"Horror, Mystery, Thriller",2021,False,
,ind_005945,Watchman,7.1,Drama,2023,False,
,ind_006090,Visaaranai,8.4,"Crime, Drama, Thriller",2015,False,
,ind_006127,Who Killed Jessica?,8.5,Comedy,2021,False,
,ind_006201,Finding Fanny,5.7,"Adventure, Comedy, Drama",2014,False,
,ind_006238,Feels Like Ishq,6.5,"Comedy, Drama, Romance",2021,False,
,ind_006276,Love You Ram,8.4,"Drama, Romance",2023,False,
,ind_006385,Rangbaaz: Darr Ki Rajneeti,7.6,Action,2022,False,
,ind_006488,Kites,6.0,"Action, Drama, Romance",2010,False,
,ind_006649,Housefull,5.5,"Comedy, Drama, Romance",2010,False,
,ind_006712,Yamla Pagla Deewana,5.7,"Action, Comedy, Drama",2011,False,
,ind_006774,Best Friends Forever?,7.5,Drama,2012,False,
,ind_006836,Garam Masala,6.7,"Comedy, Romance",2005,False,
,ind_006925,Dear Father,7.7,"Comedy, Crime, Drama",2022,False,
,ind_006983,Premam,8.3,"Comedy, Drama, Romance",2015,False,
,ind_007012,Colour Photo,8.2,Drama,2020,False,
,ind_007041,Baghban,7.4,"Drama, Romance",2003,False,
,ind_007070,The Conversion,8.5,Drama,2022,False,
,ind_007099,Khosla Ka Ghosla!,8.3,"Comedy, Crime, Drama",2006,False,
,ind_007128,Fiza,6.0,"Crime, Drama, Romance",2000,False,
,ind_007184,Saat Uchakkey,5.6,Comedy,2016,False,
,ind_007240,Chhalla Mud Ke Nahi Aya,8.0,"Drama, Family",2022,False,
,ind_007268,Bhagam Bhag,6.6,"Comedy, Drama, Mystery",2006,False,
,ind_007296,Anuragam,6.7,"Drama, Romance",2023,False,
,ind_007325,Hey Sinamika,6.2,"Drama, Romance",2022,False,
,ind_007354,Pop Kaun,6.3,"Comedy, Drama",2022,False,
,ind_007411,Ladies vs. Ricky Bahl,6.0,"Comedy, Crime, Drama",2011,False,
,ind_007440,Thugs,6.5,"Action, Thriller",2023,False,
,ind_007469,Singham,6.8,"Action, Crime, Drama",2011,False,
,ind_007498,Mewat,8.4,"Action, Crime, Romance",2023,False,
,ind_007527,Evaru,8.1,"Crime, Drama, Mystery",2019,False,
,ind_007557,Dolly Kitty Aur Woh Chamakte Sitare,5.2,"Comedy, Drama",2019,False,
,ind_007618,Ammu,6.6,Drama,2022,False,
,ind_007649,Panga,6.8,"Drama, Sport",2020,False,
,ind_007680,Wanted,6.6,"Action, Crime, Thriller",2009,False,
,ind_007712,Trapped,7.5,"Drama, Thriller",2016,False,
,ind_007774,Saand Ki Aankh,7.6,"Biography, Drama",2019,False,
,ind_007805,One 2 Ka 4,5.5,"Action, Crime, Drama",2001,False,
,ind_007837,Dhuruvangal Pathinaaru,8.2,"Crime, Drama, Mystery",2016,False,
,ind_007870,Olam,9.7,"Comedy, Horror",2023,False,
,ind_007903,Theeran Adhigaaram Ondru,8.2,"Action, Crime, Thriller",2017,False,
,ind_007970,Anjaana Anjaani,5.7,"Comedy, Drama, Musical",2010,False,
,ind_008103,Ginny Weds Sunny,5.7,"Comedy, Drama, Romance",2020,False,
,ind_008138,Hum Tumhare Hain Sanam,5.4,"Comedy, Drama, Romance",2002,False,
,ind_008207,Pichaikkaran 2,5.6,"Action, Drama, Sci-Fi",2023,False,
,ind_008242,Hamari Adhuri Kahani,6.7,"Drama, Romance",2015,False,
,ind_008278,Crushed,8.1,"Comedy, Drama, Romance",2022,False,
,ind_008314,Love Per Square Foot,7.2,"Comedy, Romance",2018,False,
,ind_008386,Kismat Konnection,5.3,"Comedy, Drama, Romance",2008,False,
,ind_008423,Aaranya Kaandam,8.5,"Action, Comedy, Crime",2010,False,
,ind_008461,Race,6.7,"Action, Crime, Drama",2008,False,
,ind_008499,Thondimuthalum Dhriksakshiyum,8.1,"Crime, Drama, Thriller",2017,False,
,ind_008646,Thallumaala,7.0,"Action, Comedy, Drama",2022,False,
,ind_008682,Jai Lava Kusa,6.8,"Action, Drama, Thriller",2017,False,
,ind_008718,Alibaba: Dastaan-E-Kabul,8.0,"Drama, Fantasy",2022,False,
,ind_008823,Dirty Hari,5.8,"Drama, Romance, Thriller",2020,False,
,ind_008859,Auction,6.8,Drama,2001,False,
,ind_008962,Force 2,6.2,"Action, Adventure, Thriller",2016,False,
,ind_009028,Tujhe Meri Kasam,6.3,Romance,2003,False,
,ind_009062,Ori Devuda,7.2,"Comedy, Drama, Romance",2022,False,
,ind_009096,Bell Bottom,8.2,"Comedy, Drama, Thriller",2019,False,
,ind_009130,Sanjivani: A Medical Boon,6.7,Drama,2002,False,
,ind_009164,Na Umra Ki Seema Ho,6.2,Romance,2022,False,
,ind_009198,Salt City (India),6.1,Drama,2022,False,
,ind_009232,Chaman Bahaar,6.9,"Comedy, Drama",2020,False,
,ind_009266,Laaga Chunari Mein Daag: Journey of a Woman,5.4,"Drama, Family, Romance",2007,False,
,ind_009301,Salaam-E-Ishq,5.2,"Comedy, Drama, Musical",2007,False,
,ind_009463,Tu Sooraj Main Saanjh Piyaji,7.1,Drama,2017,False,
,ind_009554,Devara Kanassu,9.8,Drama,2023,False,
,ind_009612,420 IPC,6.5,Crime,2021,False,
,ind_009726,Robindronath Ekhane Kawkhono Khete Aashenni,6.5,"Crime, Thriller",2021,False,
,ind_009784,Woh Rehne Waali Mehlon Ki,8.3,Drama,2005,False,
,ind_009868,Akkad Bakkad Bambey Bo,7.6,Fantasy,2005,False,
,ind_009922,The Arbit Documentation of An Amphibian Hunt: Aavasavyuham,7.8,Thriller,2022,False,
,ind_009949,Darna Mana Hai,6.3,Horror,2003,False,
,ind_009977,Karmaphal Daata Shani,8.6,"Drama, Fantasy",2016,False,
,ind_010005,Lajja,6.6,"Action, Crime, Drama",2001,False,
,ind_010084,Thrissur Pooram,5.1,"Action, Drama, Thriller",2019,False,
,ind_010137,Kahaani 2,6.6,"Mystery, Thriller",2016,False,
,ind_010165,Chori Chori Chupke Chupke,5.5,"Comedy, Drama, Musical",2001,False,
,ind_010193,Fukrey Returns,6.5,Comedy,2017,False,
,ind_010247,Raaz: The Mystery Continues,5.7,"Horror, Mystery, Romance",2009,False,
,ind_010275,Shemale,5.0,Drama,2019,False,
,ind_010304,Ayitha Ezhuthu,7.9,"Action, Drama, Thriller",2004,False,
,ind_010333,Thegidi,7.6,"Crime, Mystery, Thriller",2014,False,
,ind_010362,Naadi Dosh,7.1,"Drama, Family, Romance",2022,False,
,ind_010392,Khatta Meetha,5.9,"Comedy, Crime, Drama",2010,False,
,ind_010423,Byomkesh,8.2,"Crime, Drama, Mystery",2017,False,
,ind_010484,Khaki,8.2,Drama,2022,False,
,ind_010515,Secrets of the Kohinoor,9.0,Documentary,2022,False,
,ind_010575,Jaatishawr,6.5,Action,2023,False,
,ind_010686,Mumbai Saga,5.9,"Action, Crime",2021,False,
,ind_010713,Avane Srimannarayana,7.7,"Action, Adventure, Comedy",2019,False,
,ind_010740,Ek Mahanayak - Dr B R Ambedkar,7.4,Drama,2019,False,
,ind_010768,Sex Drugs & Theatre,6.9,Reality-TV,2019,False,
,ind_010797,Sherdil,6.6,"Comedy, Drama",2022,False,
,ind_010827,Balak Palak,8.1,Family,2013,False,
,ind_010858,Fandry,8.3,"Drama, Family",2013,False,
,ind_010889,Govindudu Andari Vaadele,5.7,"Action, Drama",2014,False,
,ind_010921,Mangalyam,8.2,Drama,2022,False,
,ind_010954,Neelam Aunty,8.2,Comedy,2022,False,
,ind_010987,Comali,6.9,Comedy,2019,False,
,ind_011021,Recce,7.1,"Crime, Thriller",2022,False,
,ind_011055,Taj Mahal 1989,7.5,"Comedy, Drama, Romance",2020,False,
,ind_011090,Pokiri,8.0,"Action, Crime, Thriller",2006,False,
,ind_011161,Roohaniyat,8.6,"Drama, Romance",2022,False,
,ind_011197,The Ghazi Attack,7.5,"Action, Thriller, War",2017,False,
,ind_011234,Rakshabandhan... Rasal Apne Bhai Ki Dhal,7.4,Drama,2021,False,
,ind_011378,Gang Leader,7.6,"Action, Comedy, Thriller",2019,False,
,ind_011415,Razia Sultan,6.4,"Action, Biography, Drama",2015,False,
,ind_011452,Kasethan Kadavulada,5.6,"Comedy, Drama",2023,False,
,ind_011558,Once Again,6.9,"Drama, Romance",2018,False,
,ind_011629,Mel Karade Rabba,7.2,"Comedy, Drama, Romance",2010,False,
,ind_011700,Velaiilla Pattadhari 2,5.4,"Action, Comedy",2017,False,
,ind_011736,Bharatha Circus,5.8,"Drama, Mystery",2022,False,
,ind_011772,V1 Murder Case,6.8,"Drama, Thriller",2019,False,
,ind_011808,Rangrasiya,6.9,Drama,2013,False,
,ind_011845,Soorma,7.3,"Biography, Drama, Sport",2018,False,
,ind_011882,Sivappu Manjal Pachai,7.1,"Action, Drama, Thriller",2019,False,
,ind_011954,Simhadri,7.3,"Action, Drama",2003,False,
,ind_011990,BB Ki Vines,9.4,Comedy,2015,False,
,ind_012026,Choked: Paisa Bolta Hai,5.7,Drama,2020,False,
,ind_012062,Dance Bar,6.1,Drama,2019,False,
,ind_012133,Locked,7.2,Thriller,2020,False,
,ind_012203,Golmaal: Fun Unlimited,7.4,"Action, Comedy, Drama",2006,False,
,ind_012239,Shiv Shakti - Tap Tyaag Taandav,8.8,Fantasy,2023,False,
,ind_012275,Beautiful,7.2,Drama,2020,False,
,ind_012312,Jehanabad - Of Love & War,6.7,"Crime, Drama",2023,False,
,ind_012350,11th Hour,5.7,"Drama, Thriller",2021,False,
,ind_012389,Indian Predator: The Diary of a Serial Killer,6.2,"Documentary, Crime, History",2022,False,
,ind_012465,Khichdi: The Movie,7.3,"Comedy, Family",2010,False,
,ind_012503,U-Turn,6.9,"Crime, Horror, Mystery",2018,False,
,ind_012679,Sarkar,7.6,"Action, Crime, Drama",2005,False,
,ind_012713,The Great Indian Kitchen,8.1,"Comedy, Drama",2021,False,
,ind_012747,Code M,7.5,"Mystery, Thriller",2020,False,
,ind_012813,Malli Raava,7.8,"Drama, Romance",2017,False,
,ind_012846,Maestro,6.7,"Crime, Drama, Music",2021,False,
,ind_012911,Raajahyogam,5.9,"Comedy, Romance, Thriller",2022,False,
,ind_013005,Stanley Ka Dabba,7.8,"Comedy, Drama, Family",2011,False,
,ind_013068,Kaun Pravin Tambe?,8.4,"Biography, Drama, Sport",2022,False,
,ind_013101,Chalo,6.2,"Action, Comedy, Family",2018,False,
,ind_013165,The Interns,6.8,Comedy,2020,False,
,ind_013197,Tum Bin...: Love Will Find a Way,7.5,"Drama, Romance",2001,False,
,ind_013293,The Big Bull,5.7,"Biography, Crime, Drama",2021,False,
,ind_013357,Bose: Dead/Alive,8.7,"Biography, History, Mystery",2017,False,
,ind_013390,Table No.21,7.2,"Adventure, Drama, Thriller",2013,False,
,ind_013423,Cinema Bandi,7.9,"Comedy, Drama",2021,False,
,ind_013489,Adanga Maru,7.1,"Action, Crime, Drama",2018,False,
,ind_013522,Laal Rang,7.8,"Comedy, Crime, Drama",2016,False,
,ind_013555,Bhaskar the Rascal,5.3,"Comedy, Drama, Family",2015,False,
,ind_013620,The Romantics,7.8,Documentary,2023,False,
,ind_013772,3G Gaali Galoch Girls,7.0,Drama,2019,False,
,ind_013802,Tu Hovein Main Hovan,5.0,"Drama, Family, Romance",2023,False,
,ind_013833,Gargi,8.1,"Drama, Thriller",2022,False,
,ind_013893,RadhaKrishn,8.1,"Drama, Romance",2018,False,
,ind_013923,Thrishanku,6.3,"Adventure, Comedy, Drama",2023,False,
,ind_013953,Nater Guru,6.5,"Comedy, Drama, Romance",2003,False,
,ind_013983,Selection Day,7.3,Sport,2018,False,
,ind_014013,Ko,7.9,"Action, Thriller",2011,False,
,ind_014044,Happu Ki Ultan Paltan,8.3,Comedy,2019,False,
,ind_014104,Marzi,7.1,Drama,2020,False,
,ind_014195,Three of Us,8.4,Not Available,2022,False,
,ind_014227,Ayyappanum Koshiyum,8.0,"Action, Drama, Thriller",2020,False,
,ind_014259,Holiday,7.2,"Action, Crime, Thriller",2014,False,
,ind_014291,Anveshanam,5.9,"Drama, Mystery, Thriller",2020,False,
,ind_014323,Go Goa Gone,6.6,"Action, Adventure, Comedy",2013,False,
,ind_014356,Sanak,6.7,"Action, Thriller",2021,False,
,ind_014420,Comicstaan,6.8,Comedy,2018,False,
,ind_014453,Vinaro Bhagyamu Vishnu Katha,6.8,"Action, Comedy, Drama",2023,False,
,ind_014550,Madhubala - Ek Ishq Ek Junoon,5.6,Drama,2012,False,
,ind_014583,Tandoor,5.3,"Drama, Thriller",2021,False,
,ind_014617,Dil Se Di Dua... Saubhagyavati Bhava?,7.9,"Drama, Thriller",2011,False,
,ind_014651,Ajnabee,6.3,"Action, Crime, Drama",2001,False,
,ind_014718,That Girl in Yellow Boots,6.6,"Crime, Drama, Mystery",2010,False,
,ind_014752,Paappan,6.8,"Crime, Drama, Mystery",2022,False,
,ind_014786,Uttoron,6.2,Drama,2022,False,
,ind_014855,Prem Kumar,8.0,"Drama, Romance",2023,False,
,ind_014924,Maguva,7.1,Thriller,2020,False,
,ind_014992,The Accidental Prime Minister,6.0,"Biography, Drama",2019,False,
,ind_015026,9 Hours (Created by Krish Jagarlamudi),6.2,Thriller,2022,False,
,ind_015060,Dhamaal,7.4,"Action, Adventure, Comedy",2007,False,
,ind_015094,Bloody Brothers,6.3,"Comedy, Crime, Thriller",2022,False,
,ind_015128,Kuruthi,7.6,Thriller,2021,False,
,ind_015162,Golmaal Returns,5.2,"Comedy, Crime, Mystery",2008,False,
,ind_015197,Chopsticks,6.5,"Comedy, Drama",2019,False,
,ind_015232,Guest iin London,5.4,Comedy,2017,False,
,ind_015303,Shudhu Tomari Jonyo,6.8,"Drama, Romance",2015,False,
,ind_015340,Innocent the Bhola,9.4,Thriller,2020,False,
,ind_015449,Lakeer Ka Fakeer,5.2,Crime,2013,False,
,ind_015520,NGK,5.7,"Action, Drama",2019,False,
,ind_015556,Alluri,5.6,"Action, Crime, Drama",2022,False,
,ind_015592,Shaurya: It Takes Courage to Make Right... Right,7.3,"Crime, Drama, Thriller",2008,False,
,ind_015662,Jaadugar,6.9,"Comedy, Drama, Fantasy",2022,False,
,ind_015763,The Great Indian Dysfunctional Family,7.0,Drama,2018,False,
,ind_015797,The Eken Ruddhaswas Rajasthan,6.5,"Adventure, Drama",2023,False,
,ind_015832,Girls Hostel,8.5,Horror,2017,False,
,ind_015902,Iqbal,8.1,"Drama, Sport",2005,False,
,ind_015937,Rakhta Charitra 2,6.5,"Action, Biography, Crime",2010,False,
,ind_016068,Gentleman,7.1,"Mystery, Romance, Thriller",2016,False,
,ind_016132,Insta Millionaire,8.3,Drama,2022,False,
,ind_016195,Kali Jotta,7.5,"Crime, Drama, Romance",2023,False,
,ind_016259,Sulaikha Manzil,6.7,"Comedy, Drama, Family",2023,False,
,ind_016291,Hey Ram,7.9,"Crime, Drama, History",2000,False,
,ind_016353,Paramavatar Shri Krishna,5.4,Drama,2017,False,
,ind_016444,Oh! Baby,7.4,"Comedy, Drama, Fantasy",2019,False,
,ind_016474,Arundhati,7.3,"Horror, Mystery, Thriller",2009,False,
,ind_016534,Crime Stories: India Detectives,7.1,"Documentary, Crime, Mystery",2021,False,
,ind_016623,Chimanee Pakhre,8.3,Drama,2000,False,
,ind_016653,Jhilli (Discards),7.7,Drama,2021,False,
,ind_016683,Matru Ki Bijlee Ka Mandola,5.6,"Comedy, Drama",2013,False,
,ind_016741,Rama Rao on Duty,5.1,"Action, Crime, Drama",2022,False,
,ind_016770,Deool Band,7.3,Drama,2015,False,
,ind_016852,Nirmal Pathak Ki Ghar Wapsi,8.4,"Drama, Family",2022,False,
,ind_016880,Naanum Rowdydhaan,7.2,"Action, Comedy, Romance",2015,False,
,ind_016908,Dhappa,7.6,Comedy,2022,False,
,ind_016936,Check,6.4,"Action, Crime, Thriller",2021,False,
,ind_016965,Lohardaga,8.9,Drama,2023,False,
,ind_016995,Saas Bahu Achaar Pvt. Ltd.,8.3,Drama,2022,False,
,ind_017054,Sundari,6.3,Drama,2021,False,
,ind_017084,Generation Gap,7.8,Drama,2019,False,
,ind_017114,Paa,7.1,"Comedy, Drama",2009,False,
,ind_017144,Android Kunjappan Version 5.25,8.0,"Comedy, Drama, Sci-Fi",2019,False,
,ind_017175,Idiyappam,6.6,Drama,2020,False,
,ind_017206,Indru Netru Naalai,8.0,"Comedy, Sci-Fi, Thriller",2015,False,
,ind_017238,Karungaapiyam,6.2,"Horror, Thriller",2023,False,
,ind_017302,Shareek 2,6.6,Drama,2022,False,
,ind_017334,6-5=2,5.6,"Horror, Thriller",2013,False,
,ind_017366,Classmates,7.2,"Drama, Romance, Thriller",2015,False,
,ind_017430,One Stop for Love,8.7,"Comedy, Romance",2020,False,
,ind_017462,Dhanam,7.3,Drama,2008,False,
,ind_017590,Shaurya Aur Anokhi Ki Kahani,7.3,Drama,2020,False,
,ind_017834,Porus,7.9,"History, War",2017,False,
,ind_017922,Panchatanthiram,8.2,"Comedy, Drama",2002,False,
,ind_017952,Sila Nerangalil Sila Manidhargal,8.0,Drama,2022,False,
,ind_018039,1922 Pratikaar Chauri Chaura,8.8,"History, Thriller",2023,False,
,ind_018126,DJ Wale Babu,7.6,"Action, Crime, Drama",2022,False,
,ind_018209,Jawanum Mullappoovum,6.6,Drama,2023,False,
,ind_018315,Sherni,6.8,"Action, Adventure, Drama",2021,False,
,ind_018367,Rafta Rafta,7.4,"Comedy, Romance",2023,False,
,ind_018417,Var Padharavo Saavdhan,5.5,"Drama, Family",2023,False,
,ind_018442,18 Pages,7.0,Romance,2022,False,
,ind_018467,The Married Woman,6.5,"Drama, Romance",2021,False,
,ind_018493,Batti Gul Meter Chalu,5.9,Drama,2018,False,
,ind_018519,A Gentleman,6.2,"Action, Comedy",2017,False,
,ind_018545,Jalebi Bai,7.4,Drama,2022,False,
,ind_018595,Cantt Road: The Beginning,7.2,Crime,2023,False,
,ind_018620,Ayalum Njanum Thammil...,8.0,"Drama, Romance, Thriller",2012,False,
,ind_018713,Chidiakhana,7.2,"Drama, Sport",2023,False,
,ind_018736,Aramudaitha Kombu,9.9,Drama,2023,False,
,ind_018759,Medium Spicy,7.0,Drama,2022,False,
,ind_018783,Mardaani,7.3,"Action, Crime, Drama",2014,False,
,ind_018807,Gangster,7.2,"Action, Crime, Drama",2006,False,
,ind_018831,OK Kanmani,7.4,"Drama, Musical, Romance",2015,False,
,ind_018904,Bhajarangi 2,6.5,"Action, Fantasy",2021,False,
,ind_018929,Vash,5.4,Horror,2023,False,
,ind_018980,Menaka,7.9,Thriller,2019,False,
,ind_019007,Ninnu Kori,7.5,"Comedy, Romance",2017,False,
,ind_019061,Aandavan Kattalai,8.1,Drama,2016,False,
,ind_019116,Amala,5.2,"Drama, Thriller",2021,False,
,ind_019144,Gaachi,6.9,Drama,2022,False,
,ind_019173,Virata Parvam,6.8,"Action, Drama, Romance",2022,False,
,ind_019203,Jersey Number 10,9.6,"Drama, Sport",2023,False,
,ind_019233,Vitthal Teedi,9.1,Drama,2021,False,
,ind_019321,Kochadaiiyaan,6.2,"Animation, Action, Adventure",2014,False,
,ind_019351,D3,5.6,Crime,2023,False,
,ind_019382,Mere Angane Main,6.6,Drama,2021,False,
,ind_019444,Masaba Masaba,6.7,"Comedy, Drama",2020,False,
,ind_019476,Kalira Atita,8.2,Drama,2021,False,
,ind_019509,Bestseller,6.1,"Drama, Thriller",2022,False,
,ind_019542,Google Kuttappan,6.2,"Comedy, Drama, Sci-Fi",2022,False,
,ind_019576,Naamkarann,6.8,"Action, Drama, Romance",2016,False,
,ind_019645,Moh,8.7,Romance,2022,False,
,ind_019680,Pathshala,8.8,Drama,2021,False,
,ind_019787,Sindoor Ki Keemat,7.1,Drama,2021,False,
,ind_019857,Lovefucked,5.8,"Drama, Romance",2018,False,
,ind_019892,Ashoka Vanamlo Arjuna Kalyanam,7.4,"Drama, Romance",2022,False,
,ind_019927,Judgementall Hai Kya,6.0,"Comedy, Drama, Mystery",2019,False,
,ind_019962,Dhahanam,6.4,Crime,2022,False,
,ind_019997,7th Day,6.9,"Mystery, Thriller",2014,False,
,ind_020067,Chitralahari,7.1,"Comedy, Drama, Romance",2019,False,
,ind_020102,Thackeray,5.4,"Biography, Drama",2019,False,
,ind_020173,Trust Issues,8.4,Drama,2023,False,
,ind_020210,Kobbari Matta,5.4,Comedy,2019,False,
,ind_020316,Rangoon,5.6,"Action, Drama, History",2017,False,
,ind_020351,Manasanamaha,8.5,"Short, Comedy, Romance",2022,False,
,ind_020419,Baar Baar Dekho,5.4,"Action, Comedy, Drama",2016,False,
,ind_020454,Hulchul,7.0,"Action, Comedy, Drama",2004,False,
,ind_020490,Seethamma Vaakitlo Sirimalle Chettu,7.5,"Comedy, Drama",2013,False,
,ind_020526,Not Out,8.8,Drama,2022,False,
,ind_020562,Villain,6.1,"Action, Crime, Thriller",2017,False,
,ind_020634,Ferrari Ki Sawaari,6.4,"Comedy, Drama, Family",2012,False,
,ind_020705,The Tenant,6.3,Drama,2021,False,
,ind_020741,M. Kumaran S/O Mahalakshmi,7.1,"Action, Drama, Sport",2004,False,
,ind_020813,Farzi Mushaira,8.2,Comedy,2022,False,
,ind_020883,Urvasivo Rakshasivo,5.8,"Drama, Romance",2022,False,
,ind_020918,Cash,6.6,"Comedy, Drama",2021,False,
,ind_020953,1962: The War in the Hills,6.0,"Action, Adventure, Drama",2021,False,
,ind_020989,Bhoot and Friends,5.4,"Animation, Action, Adventure",2010,False,
,ind_021061,Ungli,5.9,"Crime, Drama, Thriller",2014,False,
,ind_021097,Sohreyan Da Pind Aa Gaya,5.4,Drama,2022,False,
,ind_021168,Kumari,6.4,"Horror, Thriller",2022,False,
,ind_021204,Aum Mangalam Singlem,7.7,Romance,2022,False,
,ind_021274,Chakra,6.4,"Action, Crime, Thriller",2021,False,
,ind_021342,Daawat-e-Ishq,6.1,"Comedy, Drama, Romance",2014,False,
,ind_021377,Ab Tak Chhappan,7.8,"Crime, Drama",2004,False,
,ind_021412,Supercops V/S Supervillains,5.4,Crime,2012,False,
,ind_021447,Maari 2,5.6,"Action, Comedy",2018,False,
,ind_021516,North 24 Kaatham,7.6,"Adventure, Comedy, Drama",2013,False,
,ind_021618,Maayavan,7.2,"Action, Crime, Mystery",2017,False,
,ind_021684,Kudimahaan,6.7,Drama,2023,False,
,ind_021750,Indori Ishq,6.9,"Comedy, Drama, Romance",2021,False,
,ind_021784,Junoon-E-Ishq,7.6,Drama,2019,False,
,ind_021818,Sofi,6.9,Romance,2023,False,
,ind_021950,Ramanujan,7.2,"Biography, Drama, History",2014,False,
,ind_022017,Leader,8.0,Drama,2010,False,
,ind_022051,Main Viyah Nahi Karona Tere Naal,6.2,"Comedy, Drama, Romance",2022,False,
,ind_022085,Chingari,5.4,"Action, Thriller",2012,False,
,ind_022120,Sillu Karuppatti,8.0,"Drama, Romance",2019,False,
,ind_022155,Satthi Gaani Rendu Yekaralu,5.5,Comedy,2023,False,
,ind_022190,Hebbuli,6.7,"Action, Drama, Thriller",2017,False,
,ind_022225,Chhorii,6.8,"Drama, Horror, Thriller",2021,False,
,ind_022260,Gabbar Is Back,7.1,"Action, Crime, Drama",2015,False,
,ind_022295,Love in a Taxi,5.8,"Crime, Thriller",2023,False,
,ind_022365,Annayum Rasoolum,7.4,Romance,2013,False,
,ind_022435,Pishachini,7.4,Horror,2022,False,
,ind_022470,Ek Veer Ki Ardaas: Veera,7.7,Family,2012,False,
,ind_022506,Saaya,5.7,"Drama, Fantasy, Mystery",2003,False,
,ind_022542,Behen Hogi Teri,5.6,Comedy,2017,False,
,ind_022614,Chhello Divas,8.3,Comedy,2015,False,
,ind_022650,Panghrun,8.3,"Drama, Musical",2019,False,
,ind_022686,Kuttram 23,7.3,"Action, Crime, Thriller",2017,False,
,ind_022722,Orange,6.6,"Comedy, Drama, Romance",2010,False,
,ind_022759,Dujone,5.3,Romance,2009,False,
,ind_022796,Kuppathu Raja,5.0,"Comedy, Drama",2019,False,
,ind_022833,Kaashmora,5.6,"Action, Comedy, Fantasy",2016,False,
,ind_022907,Subramaniapuram,8.2,"Action, Drama, Thriller",2008,False,
,ind_022980,Bimbisara,6.9,"Action, Drama, Fantasy",2022,False,
,ind_023155,Writer Padmabhushan,7.6,"Comedy, Drama",2023,False,
,ind_023189,Manje Bistre,6.5,"Comedy, Drama",2017,False,
,ind_023224,Navra Mazha Navsacha,7.3,Comedy,2004,False,
,ind_023259,Rehna Hai Teri Palkon Ki Chhaon Mein,8.3,Family,2009,False,
,ind_023330,Something Something... Unnakum Ennakum,6.9,Romance,2006,False,
,ind_023435,Thank You,6.0,Drama,2022,False,
,ind_023470,Pushpaka Vimanam,6.3,"Comedy, Thriller",2021,False,
,ind_023602,Son Pari,6.8,"Drama, Family, Fantasy",2000,False,
,ind_023636,Sarkaru Vaari Paata,5.6,"Action, Drama",2022,False,
,ind_023670,Azhagiya Tamilmagan,5.0,"Action, Drama, Thriller",2007,False,
,ind_023704,The Dirty Picture,6.6,"Biography, Comedy, Drama",2011,False,
,ind_023739,Pathonpatham Noottandu,6.8,"Action, Drama, History",2022,False,
,ind_023807,Maamanithan,6.4,Drama,2022,False,
,ind_023841,Guppy,8.1,"Comedy, Drama",2016,False,
,ind_023875,Haasil,7.6,"Crime, Drama, Romance",2003,False,
,ind_023909,Andala Rakshasi,6.9,Romance,2012,False,
,ind_023943,Unstoppable with NBK,9.1,"Reality-TV, Talk-Show",2021,False,
,ind_023977,Being Cyrus,7.1,"Drama, Thriller",2005,False,
,ind_024011,Kaanekkaane,7.6,"Drama, Thriller",2021,False,
,ind_024045,Zombie Reddy,6.6,"Action, Comedy, Horror",2021,False,
,ind_024080,Vaseegara,6.6,"Comedy, Drama, Romance",2003,False,
,ind_024115,Anokhee,7.4,"Drama, Romance",2023,False,
,ind_024151,Shagird,7.0,"Action, Crime, Drama",2011,False,
,ind_024187,Namma Veettu Pillai,6.0,"Action, Comedy, Drama",2019,False,
,ind_024223,Kyon Ki...,5.5,"Drama, Romance",2005,False,
,ind_024259,Lokmanya Ek Yugpurush,8.3,History,2015,False,
,ind_024330,Right Yaaa Wrong,6.6,"Crime, Drama, Mystery",2010,False,
,ind_024400,Gangaa,6.8,Drama,2015,False,
,ind_024500,Shark Tank India,8.7,Reality-TV,2021,False,
,ind_024533,Tango Charlie,6.1,"Action, Adventure, Drama",2005,False,
,ind_024629,Blank,6.1,"Action, Thriller",2019,False,
,ind_024662,Billa,7.3,"Action, Crime, Thriller",2007,False,
,ind_024695,Valimai,6.1,"Action, Crime, Thriller",2022,False,
,ind_024729,Tadap,5.1,"Action, Drama, Romance",2021,False,
,ind_024764,Maya Bazaar - For Sale,6.9,"Comedy, Drama, Family",2023,False,
,ind_024800,Kumari 21F,5.1,Romance,2018,False,
,ind_024837,Desamuduru,6.1,"Action, Drama, Romance",2007,False,
,ind_024943,Chirodini Tumi Je Amar 2,7.5,Drama,2014,False,
,ind_024978,Chal Zindagi,8.2,"Adventure, Drama",2023,False,
,ind_025014,Comedy Nights with Kapil,8.0,"Comedy, Talk-Show",2013,False,
,ind_025085,The Clown,8.2,"Animation, Horror",2022,False,
,ind_025157,Niharika (In the Mist),8.6,Drama,2022,False,
,ind_025228,Peepli [Live],7.4,"Comedy, Drama",2010,False,
,ind_025265,Raghavendra Stores,6.3,"Comedy, Drama",2023,False,
,ind_025339,Humorously Yours,8.5,"Comedy, Drama, Romance",2016,False,
,ind_025411,Time Pass,7.5,"Comedy, Fantasy, Romance",2014,False,
,ind_025447,Kurukshetra,6.1,"Action, Crime, Drama",2000,False,
,ind_025483,Onaayum Aattukkuttiyum,8.1,"Action, Crime, Thriller",2013,False,
,ind_025555,Paltan,5.2,"Action, Drama, History",2018,False,
,ind_025625,CLASS of 2017,7.3,Drama,2017,False,
,ind_025756,"LSD: Love, Sex Aur Dhokha",7.2,"Comedy, Crime, Drama",2010,False,
,ind_025788,Chakravartin Ashoka Samrat,6.7,"Biography, History",2015,False,
,ind_025850,Ghar Sasur,9.0,Drama,2023,False,
,ind_025965,Taranath Tantrik,5.2,Horror,2019,False,
,ind_025994,Couple Goals Season 3,8.2,Comedy,2022,False,
,ind_026023,Bommai,7.0,"Drama, Romance, Thriller",2023,False,
,ind_026053,Madrasapattinam,7.9,"Drama, History, Romance",2010,False,
,ind_026083,Kee,5.2,"Action, Thriller",2019,False,
,ind_026114,Dr. Bezbarua 2,7.9,"Action, Thriller",2023,False,
,ind_026146,Sarkar Raj,6.7,"Action, Crime, Drama",2008,False,
,ind_026208,Meow,6.5,"Comedy, Drama",2021,False,
,ind_026240,Darna Zaroori Hai,5.4,Horror,2006,False,
,ind_026304,Dear Kavya,9.3,Romance,2022,False,
,ind_026336,Most Eligible Bachelor,6.2,"Drama, Romance",2021,False,
,ind_026368,Yevadu,5.8,"Action, Thriller",2014,False,
,ind_026459,Socha Na Tha,7.4,"Comedy, Drama, Romance",2005,False,
,ind_026489,Nikka Zaildar,7.4,"Comedy, Drama, Romance",2016,False,
,ind_026520,Bramhachari,6.3,Drama,2019,False,
,ind_026639,Dui Prithibi,6.5,"Drama, Romance",2010,False,
,ind_026697,Gudumba Shankar,5.8,"Action, Comedy, Drama",2004,False,
,ind_026755,Matsya Kaand,8.8,Thriller,2021,False,
,ind_026785,Carry on Jatta,8.3,Comedy,2012,False,
,ind_026815,Njan Prakashan,7.7,"Comedy, Drama",2018,False,
,ind_026905,Boomika,5.1,Horror,2021,False,
,ind_026936,Thambi,6.8,"Action, Thriller",2019,False,
,ind_026967,Ek Chalis Ki Last Local,7.3,"Adventure, Comedy, Crime",2007,False,
,ind_027029,Kaafir,8.2,"Drama, Thriller",2019,False,
,ind_027091,Boy,7.1,"Comedy, Drama",2019,False,
,ind_027123,Brindaavanam,7.1,"Action, Comedy, Drama",2010,False,
,ind_027155,The Verdict - State Vs Nanavati,7.1,Crime,2019,False,
,ind_027188,Kis Kisko Pyaar Karoon,5.7,"Comedy, Romance",2015,False,
,ind_027287,Vettaikaaran,5.1,"Action, Crime, Drama",2009,False,
,ind_027320,Game,5.2,"Action, Crime, Drama",2011,False,
,ind_027354,Sengalam,7.4,"Crime, Drama, Thriller",2023,False,
,ind_027388,Neelavelicham,6.1,"Drama, Horror, Romance",2023,False,
,ind_027423,Bharat Ane Nenu,7.5,"Action, Drama, Thriller",2018,False,
,ind_027459,Rowdy Rathore,5.8,"Action, Comedy, Crime",2012,False,
,ind_027496,Manikarnika: The Queen of Jhansi,6.4,"Action, Biography, Drama",2019,False,
,ind_027533,Satyavati,7.3,Crime,2016,False,
,ind_027605,Sexaholic,6.7,"Short, Thriller",2016,False,
,ind_027641,Premadesam,6.9,"Comedy, Drama",2023,False,
,ind_027677,Ekk Deewana Tha,6.1,"Drama, Romance",2012,False,
,ind_027713,Mombian,9.0,Romance,2021,False,
,ind_027749,Life Is Beautiful,6.4,"Drama, Romance",2012,False,
,ind_027821,Oru Kodai Murder Mystery,6.6,Mystery,2023,False,
,ind_027857,Dishoom,5.1,"Action, Adventure, Comedy",2016,False,
,ind_027894,Minus One,7.9,"Comedy, Drama, Romance",2019,False,
,ind_027931,Gunehgaar,6.4,Thriller,2022,False,
,ind_027968,Kaatru Veliyidai,5.8,"Action, Drama, Romance",2017,False,
,ind_028005,Jatt & Juliet,7.5,"Comedy, Romance",2012,False,
,ind_028080,Tripura,9.1,"Animation, Drama",2011,False,
,ind_028118,Mr. Majnu,6.1,Romance,2019,False,
,ind_028264,Roll No. 21,6.1,"Animation, Action, Adventure",2010,False,
,ind_028338,The X Factor India,5.5,"Music, Reality-TV",2011,False,
,ind_028376,Googly Gumm Hai,5.8,"Romance, Thriller",2021,False,
,ind_028414,Bolo Na Tumi Amar,5.1,Romance,2010,False,
,ind_028490,Bad Boy,8.1,"Comedy, Drama, Romance",2023,False,
,ind_028528,Pavitra Rishta,6.3,"Drama, Romance",2009,False,
,ind_028602,Mass,6.4,"Action, Drama",2004,False,
,ind_028676,Thinkalazhcha Nishchayam,7.7,"Comedy, Drama, Romance",2021,False,
,ind_028713,Vanam,6.1,"Horror, Thriller",2021,False,
,ind_028787,Driving Licence,7.2,"Action, Comedy, Drama",2019,False,
,ind_028895,Ti Saddhya Kay Karte,7.9,Romance,2017,False,
,ind_028965,Biriyani,5.7,"Action, Comedy, Thriller",2013,False,
,ind_029000,Ek Vivaah... Aisa Bhi,5.3,"Drama, Romance",2008,False,
,ind_029036,Main Aur Charles,6.1,"Action, Biography, Crime",2015,False,
,ind_029073,Do Dooni Chaar,7.5,"Comedy, Crime, Drama",2010,False,
,ind_029110,Yehh Jadu Hai Jinn Ka,6.6,"Drama, Fantasy, Romance",2019,False,
,ind_029147,Saheb Biwi Aur Gangster,7.1,"Action, Crime, Drama",2011,False,
,ind_029184,Gandhi Godse Ek Yudh,6.9,"Drama, History",2023,False,
,ind_029221,Adi,7.8,"Comedy, Drama, Family",2023,False,
,ind_029258,Enemy,6.1,"Action, Drama, Thriller",2021,False,
,ind_029295,Anakku Enthinte Keda,9.8,Drama,2023,False,
,ind_029332,Cobra,6.1,"Action, Crime, Thriller",2022,False,
,ind_029405,Jo and Jo,7.1,"Comedy, Drama",2022,False,
,ind_029442,Aruguru Pativratalu,7.7,Family,2004,False,
,ind_029514,Lovefully Yours Veda,8.2,"Drama, Romance, Thriller",2023,False,
,ind_029584,Shefeekkinte Santhosham,5.1,Drama,2022,False,
,ind_029620,Gabbar Singh,7.1,"Action, Comedy, Crime",2012,False,
,ind_029656,Maattrraan,6.1,"Action, Sci-Fi, Thriller",2012,False,
,ind_029912,Sampurna,7.2,Drama,2022,False,
,ind_029973,Hello June,7.0,"Family, Musical, Romance",2022,False,
,ind_030005,Ohm Shanthi Oshaana,7.7,"Comedy, Romance",2014,False,
,ind_030037,Odela Railway Station,5.3,"Action, Crime, Romance",2022,False,
,ind_030070,Metro Park,8.3,Comedy,2019,False,
,ind_030103,Ishq Express,7.8,Romance,2022,False,
,ind_030136,Nanban,7.7,"Comedy, Drama",2012,False,
,ind_030169,Chobbar,6.1,Action,2022,False,
,ind_030203,Guzaarish,7.4,"Drama, Romance",2010,False,
,ind_030269,Parmanu: The Story of Pokhran,7.6,"Action, Drama, History",2018,False,
,ind_030303,Agra,7.2,Drama,2023,False,
,ind_030337,Dhamaka,6.4,"Action, Comedy, Thriller",2022,False,
,ind_030405,Rajini Murugan,5.8,"Action, Comedy",2015,False,
,ind_030439,Figure Wali,7.5,"Short, Comedy",2022,False,
,ind_030473,Priyan Ottathilanu,6.9,Comedy,2022,False,
,ind_030573,Methagu,8.6,"Biography, History",2021,False,
,ind_030640,Vikramarkudu,7.7,Action,2006,False,
,ind_030674,Ottu,5.9,"Action, Thriller",2022,False,
,ind_030708,Ashuddhi,6.0,"Mystery, Thriller",2020,False,
,ind_030774,Ji Wife Ji,6.1,"Comedy, Drama, Romance",2023,False,
,ind_030807,Kurangu Bommai,7.9,"Crime, Drama, Thriller",2017,False,
,ind_030840,Trigger,5.8,"Action, Drama, Family",2022,False,
,ind_030873,Ramayya Vastavayya,5.1,"Action, Comedy, Drama",2013,False,
,ind_030906,Navya: Naye Dhadkan Naye Sawaal,7.5,"Drama, Romance",2011,False,
,ind_030939,Tere Bin Laden,7.2,"Comedy, Drama",2010,False,
,ind_031093,Race 2,5.3,"Action, Crime, Thriller",2013,False,
,ind_031124,Rocket Singh: Salesman of the Year,7.5,"Comedy, Drama",2009,False,
,ind_031155,Haraamkhor,6.4,"Drama, Romance",2015,False,
,ind_031187,Jayam,6.3,"Action, Drama, Romance",2002,False,
,ind_031219,Ramayan,7.5,History,2012,False,
,ind_031251,Umrao Jaan,5.4,"Drama, Romance",2006,False,
,ind_031283,Patiala Babes,7.2,Drama,2018,False,
,ind_031316,Hurdang,5.3,"Drama, Romance",2022,False,
,ind_031350,Sachin,8.5,"Documentary, Sport",2017,False,
,ind_031385,Fingertip,7.5,"Crime, Drama, Thriller",2019,False,
,ind_031421,Pankhirya Udi Udi,8.9,Romance,2022,False,
,ind_031458,Bypass Road,5.4,"Drama, Mystery, Thriller",2019,False,
,ind_031496,Saakini Daakini,6.0,"Action, Comedy",2022,False,
,ind_031535,Tinku Ki Suhaagraat,5.7,"Short, Comedy",2021,False,
,ind_031574,Powder,8.6,"Crime, Thriller",2010,False,
,ind_031614,Untouchables,8.0,Drama,2018,False,
,ind_031654,Irada,6.3,"Drama, Mystery, Thriller",2017,False,
,ind_031694,Fixerr,5.3,Drama,2019,False,
,ind_031734,Lily,9.4,Drama,2023,False,
,ind_031774,Rathnan Prapancha,8.4,"Comedy, Drama, Family",2021,False,
,ind_031814,Yamadonga,7.2,"Action, Comedy, Fantasy",2007,False,
,ind_031854,Corona Papers,6.6,"Action, Drama, Thriller",2023,False,
,ind_031894,Dabangg,6.2,"Action, Comedy, Crime",2010,False,
,ind_031934,Shoorveer,7.1,"Action, Drama",2022,False,
,ind_031975,Sufiyum Sujatayum,5.5,"Drama, Musical, Romance",2020,False,
,ind_032055,Dus,5.5,"Action, Crime, Drama",2005,False,
,ind_032095,Ippudu Kaaka Inkeppudu,5.7,"Drama, Romance",2021,False,
,ind_032136,Action Hero Biju,7.6,"Action, Comedy, Thriller",2016,False,
,ind_032216,Madurey,5.0,Action,2004,False,
,ind_032256,Raja Natwarlal,6.2,"Crime, Thriller",2014,False,
,ind_032297,Mumbai Pune Mumbai,8.0,"Drama, Romance",2010,False,
,ind_032339,Chitrakut,7.0,Drama,2022,False,
,ind_032539,Love Birds,5.3,"Drama, Romance",2023,False,
,ind_032617,Pandya Store,5.1,Drama,2021,False,
,ind_032656,Mitthye Premer Gaan,8.2,"Music, Romance",2023,False,
,ind_032873,Nayattu,8.1,"Crime, Thriller",2021,False,
,ind_032910,Maheshinte Prathikaaram,8.3,"Comedy, Drama, Thriller",2016,False,
,ind_032948,Beyhadh,7.2,"Drama, Romance, Thriller",2016,False,
,ind_033022,Fire in the Mountains,6.5,Drama,2021,False,
,ind_033165,Dhammu,5.0,"Action, Drama",2012,False,
,ind_033200,Hun Iqbal,7.5,Thriller,2023,False,
,ind_033235,Challenge,5.8,"Action, Comedy, Drama",2009,False,
,ind_033270,Ninagagi,8.3,Drama,2002,False,
,ind_033305,Thinkistan,8.1,Drama,2019,False,
,ind_033340,Anandi Gopal,8.7,Biography,2019,False,
,ind_033408,Sinam,5.2,"Action, Crime, Drama",2022,False,
,ind_033442,Ittu Si Baat,7.7,Drama,2022,False,
,ind_033476,Maine Pyaar Kyun Kiya,5.6,"Comedy, Drama, Romance",2005,False,
,ind_033542,Bhoomi,5.3,"Action, Crime, Drama",2017,False,
,ind_033575,Aanandam,7.2,"Adventure, Comedy, Drama",2016,False,
,ind_033608,Savdhaan India,5.7,Crime,2012,False,
,ind_033641,Hanuman,7.9,Animation,2005,False,
,ind_033705,Bichhoo,5.0,"Action, Crime, Drama",2000,False,
,ind_033796,Puraani Havveli Ka Rahasya,7.3,Horror,2023,False,
,ind_033827,Hunt,5.5,"Action, Crime, Thriller",2023,False,
,ind_033858,Rehnaa Hai Terre Dil Mein,7.6,"Comedy, Drama, Musical",2001,False,
,ind_033889,Bheemla Nayak,6.3,"Action, Drama, Thriller",2022,False,
,ind_033920,Varathan,7.5,"Action, Drama, Thriller",2018,False,
,ind_033952,De Dana Dan,5.7,"Action, Comedy, Crime",2009,False,
,ind_033984,Paava Kadhaigal,8.0,Drama,2020,False,
,ind_034016,Haathi Mere Saathi,6.3,"Action, Drama",2021,False,
,ind_034048,Anger Tales,5.3,Family,2023,False,
,ind_034080,Thattathin Marayathu,7.5,"Drama, Romance",2012,False,
,ind_034145,Akhada,8.7,"Drama, Sport",2022,False,
,ind_034212,Hero of Nation Chandra Shekhar Azad,9.2,Biography,2022,False,
